municipality,tot_pob,high,professionals,europeans,nse_municip,NumCompanies_10S,NumNewCompanies_10S,NumCompanies_ML_10S,NumCompanies_HP_10S,Banks_BBVA,banks_Bankinter,banks_CaixaBank,banks_Sabadell,banks_Santander,banks_total,municipality_name,high_ratio,professionals_ratio,europeans_ratio,growth_rate_10S,companies_size_ratio_10S,companies_profit_ratio_10S,province,high_score,high_ratio_score,professionals_score,professionals_ratio_score,europeans_score,europeans_ratio_score,NumCompanies_10S_score,NumNewCompanies_10S_score,growth_rate_10S_score,NumCompanies_ML_10S_score,companies_size_ratio_10S_score,NumCompanies_HP_10S_score,companies_profit_ratio_10S_score,banks_total_score,sociodemo_Score,Business_Score,Competitor_Score,sociodemo_Score_norm,Business_Score_norm,Competitor_Score_norm,hdbscan_cluster,Zone_Score
28002,4751,149.54352417627604,1741.6172792033185,4128,4.174048656446149,954.0,34.0,40.0,82.0,0.0,0.0,0.0,1.0,1.0,2.0,Ajalvir,0.0314762206222429,0.3665790947596966,0.8688697116396548,0.03563941299790356,0.041928721174004195,0.0859538784067086,Madrid,2.2974839915228347,21.846600880734638,4.067151682427122,63.8165206381067,3.9809050832564044,44.88326979916688,1.241914754236098,0.6342928567430931,24.21686242196556,1.7553098121818502,100.0,2.032570706194383,100.0,11.695906432748542,18.579325380886193,86.42993108428972,88.30409356725146,0.2298189588678453,0.4684163788274994,0.8830409356725146,1,0.40250999553015665
28004,10123,38.29300679045495,3583.988162541209,8649,3.4124682251172778,1100.0,128.0,8.0,4.0,0.0,0.0,1.0,0.0,0.0,1.0,"Álamo, El",0.0037827725763563127,0.3540440741421722,0.8543909908130001,0.11636363636363636,0.007272727272727273,0.0036363636363636364,Madrid,0.5627239113390929,0.0,8.47281142363845,57.99083127245992,8.444613387175602,35.12537210504229,1.4335844731773986,2.3879260489151743,79.06870331740798,0.35106196243637006,20.410310575633446,0.09914979054606748,5.2727272727272725,5.847953216374271,13.576151519650095,29.822524808761187,94.15204678362574,0.16726919653582933,0.1616264053802118,0.9415204678362574,1,0.24215506764584427
28005,196888,6419.666709496691,57812.172692051405,167203,3.936075968647847,104746.0,6564.0,3712.0,5897.0,7.0,1.0,12.0,1.0,9.0,30.0,Alcalá de Henares,0.032605677895538025,0.29362974224966176,0.8492290032912112,0.06266587745594104,0.03543810742176312,0.056298092528592976,Madrid,100.0,22.79189969577944,100.0,29.913084806944866,100.0,31.646463523337037,100.0,100.0,42.58125499966979,100.0,99.45413206999132,100.0,81.63223416645981,100.0,50.710842701203106,184.5151770752207,0.0,0.631527719645614,1.0,0.0,0,0.7341874738405263
28006,117041,14561.594265455047,43447.45123293079,101142,5.035894793591589,132126.0,9603.0,3015.0,5055.0,4.0,3.0,8.0,2.0,7.0,24.0,Alcobendas,0.12441447241099313,0.371215652915908,0.8641587136131783,0.07268062304164206,0.022819127196766723,0.0382589346532855,Madrid,100.0,99.63123369993907,100.0,65.97137529435524,99.76550968321594,41.70830446003607,100.0,100.0,49.386241267377805,100.0,64.04000255824775,100.0,55.47545524726398,100.0,73.2933535415815,159.396340837877,0.0,0.9138546435348547,0.8638657446205437,0.0,0,0.7999741746699293
28007,170296,3758.1885888798697,51881.3999102048,155156,3.7716803129531034,112852.0,7579.0,2603.0,5313.0,5.0,2.0,9.0,2.0,6.0,24.0,Alcorcón,0.022068566430684628,0.30465424854491474,0.9110959740686804,0.06715875660156666,0.0230656080530252,0.04707936057845674,Madrid,58.56808433479572,13.972868451984699,100.0,35.03675799787461,100.0,73.34155376781294,100.0,100.0,45.63415141394389,100.0,64.73173079698549,100.0,68.26507283876228,100.0,41.697761351744745,161.61888332873252,0.0,0.5188460275989458,0.8759110545299257,0.0,0,0.6276406869579922
28008,3227,25.4241394873744,752.7392529950681,2712,3.88355464759959,52.0,5.0,0.0,1.0,0.0,0.0,1.0,0.0,0.0,1.0,Aldea del Fresno,0.007878568170862845,0.23326286116983827,0.8404090486519987,0.09615384615384616,0.0,0.019230769230769232,Madrid,0.3620561050299853,2.0965550600106853,1.702448598788995,1.8573912524936564,2.5828491313985005,25.702277150338222,0.057763476941213865,0.09327836128574898,65.33621818595913,0.0,0.0,0.02478744763651687,27.884615384615387,5.847953216374271,1.3717720129950643,18.667779875899356,94.15204678362574,0.014689842165282777,0.10117205626011525,0.9415204678362574,1,0.14628990107505485
28009,20767,1539.3726519344818,7696.926925434334,18613,4.997871485193869,9729.0,747.0,297.0,486.0,1.0,0.0,1.0,1.0,1.0,4.0,Algete,0.07412590417173794,0.37063258657650766,0.8962777483507488,0.07678075855689177,0.030527289546716005,0.04995374653098982,Madrid,23.96947389112945,57.54223654099463,18.308077975895685,65.70039342072653,18.282346087961024,63.354847601213635,12.761789985125906,13.9357871760909,52.172269692987896,13.033175355450238,85.67232584360478,12.0466995513472,72.43293246993524,23.391812865497084,33.283291915419404,89.34083849750526,76.60818713450291,0.41364819158728106,0.48419235703892244,0.7660818713450291,1,0.4806364340162945
28010,15006,1210.1592449645225,6005.674507127528,13949,4.614439405105035,4088.0,200.0,24.0,152.0,1.0,0.0,1.0,0.0,1.0,3.0,Alpedrete,0.08064502498763977,0.4002182131898926,0.9295615087298414,0.04892367906066536,0.005870841487279843,0.03718199608610567,Madrid,18.835958203358302,62.99841211143222,14.263787676397898,79.45040433787115,13.67744993014657,85.78635467586064,5.356249680003467,3.73113445142996,33.243476963501706,1.05318588730911,16.476033488158116,3.767692040750564,53.91389432485323,17.543859649122812,35.29562476755788,29.448771181387425,82.45614035087719,0.4388064101751659,0.1596008070890675,0.8245614035087719,1,0.3517393881197822
28013,59762,1605.166404751168,15337.802817654016,52003,3.8567395288161888,39456.0,2720.0,544.0,1088.0,1.0,1.0,4.0,1.0,1.0,8.0,Aranjuez,0.026859315363461197,0.25664808436220365,0.8701683343930926,0.0689375506893755,0.013787510137875101,0.027575020275750203,Madrid,24.995414071848202,17.982483863215492,36.57969723040527,12.725745619185194,51.24921630867812,45.75847335637482,51.78758269038646,50.74342853944746,46.842836071685205,23.872213445673165,38.69351254707477,26.968743028530355,39.98377939983779,46.78362573099417,18.630701823809453,70.44719300354892,53.21637426900583,0.2304612680066927,0.38179619758232647,0.5321637426900583,1,0.32873223378406446
28014,57553,623.9172792694072,16776.13874469751,45316,3.609203994271473,61490.0,3744.0,1846.0,4368.0,1.0,1.0,3.0,1.0,2.0,8.0,Arganda del Rey,0.010840742954657572,0.29149025671463713,0.7873785901690615,0.06088794926004228,0.030021141649048625,0.07103594080338266,Madrid,9.694525126787747,4.575746065534521,40.019188564871406,28.918752327593133,44.64695631568814,0.0,80.71395657499342,69.84683693076884,41.3731587125972,81.0075478321924,84.25186342267294,100.0,100.0,46.78362573099417,16.799118134991172,161.39964588159242,53.21637426900583,0.20756277844701232,0.8747228734240932,0.5321637426900583,-1,0.5402449176110034
28015,34833,757.0192342262101,12770.218235983515,32721,4.17230399543954,16656.0,1565.0,196.0,521.0,1.0,0.0,2.0,0.0,1.0,4.0,Arroyomolinos,0.02173281756455689,0.3666126442162178,0.9393678408405822,0.09396013448607109,0.011767531219980788,0.03128001921229587,Madrid,11.770020715295493,13.69186357220094,30.43983466205722,63.83211285115864,32.21156456875997,92.39530767915757,21.855599184484735,29.196127082439432,63.84559841466563,8.601018079691066,33.02460794988721,12.914260218625289,45.356027857829005,23.391812865497084,24.134639928310577,55.237778332458845,76.60818713450291,0.2992715931872802,0.299367126368907,0.7660818713450291,1,0.34599561093478715
28018,6197,299.671252865351,2436.7611589930957,5484,4.4089593544321035,242.0,12.0,1.0,4.0,0.0,0.0,1.0,0.0,0.0,1.0,Becerril de la Sierra,0.048357471819485395,0.3932162593179112,0.8849443279005971,0.049586776859504134,0.004132231404958678,0.01652892561983471,Madrid,4.638467177742652,35.975357346812345,5.729448581079094,76.19622475130359,5.319721376137279,55.71671723036705,0.30719667282372826,0.22386806708579757,33.69404970912272,0.04388274530454626,11.596767372519004,0.09914979054606748,23.96694214876033,5.847953216374271,24.684888436967658,18.581192013797114,94.15204678362574,0.30615080913992015,0.10070278395701932,0.9415204678362574,1,0.2772361636772485
28019,1769,26.26901650138306,551.7493990384618,1643,3.12471308339709,29.0,6.0,0.0,0.0,0.0,0.0,1.0,0.0,0.0,1.0,Belmonte de Tajo,0.014849641888854188,0.3118990384615386,0.9287733182589033,0.20689655172413793,0.0,0.0,Madrid,0.37523050593172763,7.930992431848563,1.2218217521660797,38.40379638268712,1.5273958739577524,85.25515567900317,0.027568932176488436,0.11193403354289878,100.0,0.0,0.0,0.0,0.0,5.847953216374271,9.772122878178479,20.02238680670858,94.15204678362574,0.11971116756710493,0.108513495334566,0.9415204678362574,1,0.19685314508937768
28022,62627,8492.150548399673,26396.092326947404,58000,4.890880086876205,70884.0,5876.0,1106.0,2658.0,2.0,1.0,3.0,2.0,3.0,11.0,Boadilla del Monte,0.1355988718667615,0.421481027782704,0.9261181279639772,0.08289599909711641,0.015602956943739067,0.03749788386659895,Madrid,100.0,100.0,63.02337441742603,89.3323627834668,57.17022022343225,83.46569681958348,93.04645890194259,100.0,56.32755527102359,48.53431630682816,43.78841460399324,65.88503581786185,54.37193160656848,64.32748538011698,70.65637106577137,110.71054308558364,35.67251461988302,0.8808870450243238,0.6000077871125508,0.35672514619883017,-1,0.7020751890814766
28023,8216,300.9980522307256,3317.7481243723005,7418,4.155862603895465,430.0,25.0,4.0,8.0,0.0,0.0,1.0,0.0,0.0,1.0,"Boalo, El",0.03663559545164625,0.4038154971241846,0.9028724440116845,0.05813953488372093,0.009302325581395349,0.018604651162790697,Madrid,4.659156327128652,26.16473758933112,7.836151873562286,81.12225310467083,7.229213050496874,67.79932625051752,0.5540042561180056,0.466391806428745,39.50562029848691,0.17553098121818503,26.106211201391616,0.19829958109213497,26.976744186046513,5.847953216374271,24.137034267740916,29.19845648397674,94.15204678362574,0.29930152725842457,0.1582441994572268,0.9415204678362574,1,0.3000476238056689
28026,10845,464.8825712172653,4052.962171172325,8867,4.278303254443418,1970.0,130.0,0.0,20.0,0.0,0.0,1.0,0.0,0.0,1.0,Brunete,0.042866073878954844,0.3737171204400484,0.8176118026740433,0.06598984771573604,0.0,0.01015228426395939,Madrid,7.214652948434232,31.379334027595913,9.594268524478702,67.13394001591,8.659850814792144,10.338130232666073,2.575725949060491,2.425237393429474,44.83988171950088,0.0,0.0,0.4957489527303374,14.720812182741117,5.847953216374271,23.227961463818577,12.496336049680362,94.15204678362574,0.28793628403383814,0.06772524757996477,0.9415204678362574,1,0.2541997360098371
28027,1948,287.59932728855455,589.3630573248414,1481,4.292963464140731,55.0,2.0,0.0,1.0,0.0,0.0,1.0,0.0,0.0,1.0,Buitrago del Lozoya,0.14763825836168099,0.30254777070063726,0.7602669404517454,0.03636363636363636,0.0,0.01818181818181818,Madrid,4.450226304138908,100.0,1.311767257455305,34.057765944265896,1.3674487947197718,0.0,0.061701895823569344,0.0373113445142996,24.708969786689995,0.0,0.0,0.02478744763651687,26.36363636363636,5.847953216374271,28.11600528926237,10.226940988495436,94.15204678362574,0.34904668875490236,0.05542601508777921,0.9415204678362574,1,0.2761647635128325
28028,2706,57.07891480397332,804.340391530164,2494,3.2468134414832,65.0,5.0,0.0,1.0,0.0,0.0,1.0,0.0,0.0,1.0,Bustarviejo,0.021093464450840104,0.29724330803036364,0.9216555801921655,0.07692307692307693,0.0,0.015384615384615385,Madrid,0.8556577696045377,13.156757238316844,1.8258423522947307,31.59250061191525,2.3676117037819586,80.4581739082834,0.07482995876475432,0.09327836128574898,52.2689745487673,0.0,0.0,0.02478744763651687,22.30769230769231,5.847953216374271,9.670482710464706,14.938946533076376,94.15204678362574,0.11844046050990263,0.08096323982599146,0.9415204678362574,1,0.1838837119347781
28031,3193,24.358937446882297,988.2593137953428,2679,3.0277891613895784,160.0,14.0,2.0,4.0,0.0,0.0,1.0,0.0,0.0,1.0,Cadalso de los Vidrios,0.007628856074814374,0.30950808449587935,0.8390228625117444,0.0875,0.0125,0.025,Madrid,0.3454461150668152,1.887558620678098,2.265647496198575,37.292593177163944,2.5502673189611342,24.768060467555454,0.1995465567060115,0.26117941160009717,59.4559585492228,0.08776549060909251,35.08022130186999,0.09914979054606748,36.25000000000001,5.847953216374271,8.526053654323837,40.31404962576125,94.15204678362574,0.10413278952887081,0.21848636120229042,0.9415204678362574,1,0.23933066461264835
28032,7595,194.03978296352255,2429.8716232955735,6750,3.8677459534908407,1035.0,63.0,15.0,42.0,0.0,0.0,1.0,0.0,0.0,1.0,Camarma de Esteruelas,0.0255483585205428,0.3199304309803257,0.8887425938117183,0.06086956521739131,0.014492753623188406,0.04057971014492753,Madrid,2.99132645873529,16.885279055662032,5.712973640917632,42.13641074493407,6.569678180552609,58.27654904282732,1.3482520640596962,1.1753073522004374,41.360666816850646,0.6582411795681938,40.672720349994194,1.0410728007337087,58.84057971014492,5.847953216374271,13.722946498812147,45.28210225372338,94.15204678362574,0.16910442979231488,0.24541126085938922,0.9415204678362574,1,0.2806841075768926
28033,6651,44.6344942378088,1987.262545420679,5548,3.403735756672631,780.0,42.0,21.0,42.0,1.0,0.0,1.0,0.0,0.0,2.0,Campo Real,0.006710944856083116,0.29879154193665297,0.8341602766501278,0.05384615384615385,0.026923076923076925,0.05384615384615385,Madrid,0.661608478630623,1.1193131917460901,4.6545629739214,32.312047079257624,5.382910345712777,21.4909328860083,1.0134864590594796,0.7835382348002915,36.588282184137114,0.9215376513954715,75.5573997271046,1.0410728007337087,78.07692307692308,11.695906432748542,7.916338400041174,69.18532568641888,88.30409356725146,0.09651011933923985,0.37495737089537257,0.8830409356725146,1,0.3004644641728271
28037,2089,6.3469298074757825,377.886974999267,1839,3.614049910824833,58.0,0.0,0.0,0.0,0.0,0.0,1.0,0.0,0.0,1.0,Cenicientos,0.0030382622343110496,0.18089371708916563,0.8803255146002872,0.0,0.0,0.0,Madrid,0.06457989933100071,0.0,0.8060647029061927,0.0,1.7209120932827164,52.60387955690945,0.06564031470592484,0.0,0.0,0.0,0.0,0.0,0.0,5.847953216374271,0.35019402336749617,0.0,94.15204678362574,0.0019180572489305215,0.0,0.9415204678362574,1,0.09501517254564448
28038,7533,334.226257948796,2754.482871446359,6525,4.244007223794134,391.0,28.0,0.0,0.0,0.0,0.0,1.0,0.0,0.0,1.0,Cercedilla,0.044368280625089074,0.3656554986653868,0.8661887694145759,0.07161125319693094,0.0,0.0,Madrid,5.177292927032575,32.63660536547498,6.489216209911808,63.38727651406825,6.347529459388747,43.07645549081872,0.5028048106473842,0.5223588232001943,48.65960801982428,0.0,0.0,0.0,0.0,5.847953216374271,21.71131595718044,9.836393368604895,94.15204678362574,0.268975156834733,0.05330939993404946,0.9415204678362574,1,0.23918009732957785
28040,25383,379.4198332745653,7363.75577353242,21332,3.6476278794852206,7205.0,517.0,132.0,286.0,1.0,0.0,1.0,1.0,1.0,4.0,Ciempozuelos,0.014947793140076637,0.29010580993312135,0.8404049954694086,0.0717557251908397,0.0183206106870229,0.03969465648854962,Madrid,5.882008843849638,8.013140082467572,17.511366117201995,28.275326429983938,20.96688996727009,25.699545518067424,9.448266898770822,9.644982556946447,48.757776258468425,5.792522380200106,51.41528618289342,7.089210024043825,57.55725190839694,23.391812865497084,12.10444929379451,58.934529287427246,76.60818713450291,0.14886995097612726,0.31940206882494876,0.7660818713450291,1,0.2873305960449871
28041,7551,240.08256104578345,3030.733051416818,6700,4.157620082122846,654.0,39.0,9.0,24.0,1.0,0.0,1.0,0.0,0.0,2.0,Cobeña,0.03179480347580234,0.4013684348320511,0.8872996954045822,0.05963302752293578,0.013761467889908258,0.03669724770642202,Madrid,3.7092842289527703,22.113238673136223,7.149813002558268,79.9849733819373,6.5203117980717495,57.3041112696002,0.848072866000549,0.7275712180288422,40.520443572209516,0.39494470774091633,38.62042712132476,0.594898743276405,53.21100917431193,11.695906432748542,22.76892179639783,42.42000763900475,88.30409356725146,0.28219736252231553,0.22989982889977406,0.8830409356725146,1,0.3187478297071918
28043,8462,52.57478301664659,2857.178902890539,7670,3.167371443810795,935.0,55.0,0.0,5.0,0.0,0.0,1.0,0.0,0.0,1.0,Colmenar de Oreja,0.006213044554082556,0.33764818044085787,0.9064051051760813,0.058823529411764705,0.0,0.0053475935828877,Madrid,0.7854235971786854,0.7025957322901493,6.734793132239244,50.370789272490214,7.478019618200399,70.18015440812178,1.2169714346478466,1.026061974143239,39.97039230199852,0.0,0.0,0.12393723818258436,7.754010695187165,5.847953216374271,11.900001367874877,9.774880441902303,94.15204678362574,0.14631393962608655,0.052976023960985115,0.9415204678362574,1,0.183832530397808
28044,9473,823.7310796487309,3890.408110406097,8449,4.871483260888554,1004.0,64.0,4.0,28.0,0.0,0.0,1.0,0.0,0.0,1.0,Colmenarejo,0.08695567187255683,0.41068384993202756,0.8919033041275203,0.06374501992031872,0.00398406374501992,0.027888446215139442,Madrid,12.810276967884636,68.28010550836298,9.205553153559084,84.31434118597974,8.24714785725217,60.40670185616022,1.3075550689420228,1.1939630244575872,43.31452870973545,0.17553098121818503,11.180947028484459,0.6940485338224724,40.438247011952186,5.847953216374271,35.100436023982795,23.942044261815127,94.15204678362574,0.43636615727588124,0.12975650372681674,0.9415204678362574,1,0.3489072442348399
28045,53389,2223.623977465946,16329.382353270048,46813,3.7357090392435257,40092.0,2392.0,884.0,1768.0,2.0,1.0,1.0,1.0,2.0,7.0,Colmenar Viejo,0.041649477934891946,0.3058566812127975,0.8768285601903014,0.05966277561608301,0.02204928664072633,0.04409857328145266,Madrid,34.63919401681832,30.361104536757562,38.95086043092106,35.59559227664698,46.12498580716504,50.24711587714845,52.62252749344582,44.62436803910232,40.540657302416136,38.79234684921889,61.879508392403615,43.824207421361834,63.94293125810636,40.935672514619895,28.084715964266845,98.98954594917083,59.064327485380105,0.3486555090964933,0.5364845728046321,0.5906432748538011,1,0.45737736434088655
28046,7456,660.495698470434,2948.7565071359113,6430,4.872569096788357,996.0,40.0,4.0,32.0,0.0,0.0,1.0,0.0,0.0,1.0,Collado Mediano,0.0885857964686741,0.3954877289613615,0.862392703862661,0.040160642570281124,0.004016064257028112,0.0321285140562249,Madrid,10.264902531920201,69.64443763983829,6.953782570179913,77.2518972507758,6.253733332675115,40.51810660494308,1.297052618589075,0.7462268902859919,27.28902285678614,0.17553098121818503,11.270753831926099,0.7931983243685399,46.5863453815261,5.847953216374271,32.995482539315375,21.950729578479926,94.15204678362574,0.4100499940087973,0.11896435798086866,0.9415204678362574,1,0.3322085051789755
28047,64263,6379.73260894546,21955.30378813461,53417,4.806703480106416,57120.0,3552.0,320.0,1600.0,1.0,1.0,4.0,1.0,2.0,9.0,Collado Villalba,0.09927536232272785,0.3416476633231348,0.8312248105441701,0.06218487394957983,0.0056022408963585435,0.028011204481792718,Madrid,99.44654513945353,78.59106552395482,52.40412100780076,52.22956123675752,52.6452976052368,19.512582844630774,74.97699306969558,66.26494785739608,42.25441471925558,14.042478497454802,15.722228034451536,39.65991621842699,40.61624649859944,52.63157894736844,56.700503543702155,55.61792897787942,47.36842105263156,0.7064105585272386,0.3014273939926678,0.4736842105263156,0,0.5008954996865895
28049,80596,1504.9355437588813,24924.46966761492,66686,3.6705930063372296,39609.0,2116.0,1543.0,2573.0,4.0,1.0,6.0,1.0,4.0,16.0,Coslada,0.01867258354954193,0.30925194386340416,0.8274107896173507,0.053422202024792344,0.03895579287535661,0.0649599838420561,Madrid,23.432486540923968,11.130601932162302,59.504284551693274,37.173551030824385,65.74614818800694,16.942132978739366,51.9884420533866,39.47540249612898,36.30020833364868,67.71107600491487,100.0,63.77810276875792,94.19197657098135,93.56725146198833,26.413666969044257,147.3757836368523,6.432748538011666,0.32776402693031026,0.7987190320760015,0.06432748538011665,0,0.513350125090852
28050,6698,131.85064245338518,2432.8308848458714,6282,3.9841575584020306,576.0,48.0,3.0,6.0,0.0,0.0,1.0,0.0,0.0,1.0,Cubas de la Sagra,0.01968507650841821,0.3632175104278697,0.9378919080322484,0.08333333333333333,0.005208333333333333,0.010416666666666666,Madrid,2.0215939944467807,11.978007510838728,5.72005012024857,62.25421398611203,6.107608840531775,91.40060645385252,0.7456739750593062,0.8954722683431903,56.62472242783123,0.13164823591363875,14.61675887577916,0.14872468581910125,15.104166666666666,5.847953216374271,16.58235150393567,23.40366147674772,94.15204678362574,0.2048527584416944,0.1268386798729669,0.9415204678362574,1,0.24341319402522332
28052,5658,31.92044694307547,1772.7113531917005,4957,3.158619128082221,389.0,21.0,1.0,8.0,0.0,0.0,1.0,0.0,0.0,1.0,Chinchón,0.005641648452293296,0.31331059618092977,0.8761046306115235,0.05398457583547558,0.002570694087403599,0.02056555269922879,Madrid,0.4633548235219366,0.22436599247291777,4.14150691198474,39.05982217201508,4.7993997047890335,49.75922534786491,0.5001791980591472,0.39176911740014575,36.682339464816124,0.04388274530454626,7.214441398842156,0.19829958109213497,29.82005141388175,5.847953216374271,8.95303090612124,17.773486401926053,94.15204678362574,0.10947086619017367,0.09632533585397365,0.9415204678362574,1,0.18676033770349204
28053,10650,294.1266583331154,3740.2697077159582,9899,3.993085720311744,1632.0,84.0,88.0,120.0,0.0,0.0,1.0,0.0,1.0,2.0,Daganzo de Arriba,0.027617526604048395,0.35119903358835286,0.9294835680751173,0.051470588235294115,0.05392156862745098,0.07352941176470588,Madrid,4.552008782030479,18.61706845904504,8.846527333989394,56.66858992919098,9.678772949197057,85.73382676651585,2.131997421648439,1.567076469600583,34.97409326424871,3.8616815868000707,100.0,2.9744937163820246,100.0,11.695906432748542,17.922735614466202,90.22014164212631,88.30409356725146,0.22161026275248433,0.48895783573048063,0.8830409356725146,1,0.4080597378845857
28054,16618,1458.506980155388,6037.933504503912,15205,4.743886366141327,2064.0,150.0,10.0,40.0,1.0,0.0,1.0,0.0,2.0,4.0,"Escorial, El",0.08776669756621663,0.3633369541764299,0.9149717174148514,0.07267441860465117,0.0048449612403100775,0.01937984496124031,Madrid,22.708513110397906,68.95889313965672,14.34092858614539,62.30972583543499,14.91753345806573,75.95360130387687,2.6991297407076296,2.79835083857247,49.38202537310864,0.43882745304546256,13.596985000724802,0.9914979054606748,28.100775193798448,23.391812865497084,33.84660647780998,24.676017334450204,76.60818713450291,0.4206907595597218,0.13373435034230605,0.7660818713450291,1,0.32609948659041543
28058,189891,1953.9937700593375,57003.74820445857,171412,3.554854840933216,79679.0,5303.0,984.0,2343.0,5.0,1.0,12.0,3.0,6.0,27.0,Fuenlabrada,0.010290080994145787,0.30019194276958133,0.9026862779173315,0.06655455013240628,0.01234955257972615,0.02940548952672599,Madrid,30.434775635567163,4.1148697570014905,100.0,32.96288767130485,100.0,67.67386007677462,100.0,98.93102997966538,45.223595130680216,43.18062137967352,34.65800299806982,58.07698981235904,42.63795981375269,100.0,33.68304386835817,95.67708957393748,0.0,0.4186458971121299,0.51853235647349,0.0,-1,0.42173021411352896
28059,7034,208.33006122267045,2965.5417068780725,5856,4.015140299108983,1146.0,87.0,12.0,51.0,0.0,0.0,1.0,0.0,0.0,1.0,Fuente el Saz de Jarama,0.029617580497962818,0.42160103879415306,0.8325277224907591,0.07591623036649214,0.010471204188481676,0.04450261780104712,Madrid,3.21415871912572,20.291012768976476,6.993921002360438,89.38813826996116,5.6870072617948635,20.390677092836963,1.4939735627068493,1.6230434863720327,51.58482566723893,0.526592943654555,29.38657281832041,1.2641598294623606,64.52879581151832,5.847953216374271,24.14395169658291,41.748064416103304,94.15204678362574,0.2993880090681749,0.22625815977774016,0.9415204678362574,1,0.3306928227642875
28060,2250,14.935279872121182,577.5694106186077,1999,3.17605633802817,47.0,0.0,0.0,1.0,0.0,0.0,1.0,0.0,0.0,1.0,Fuentidueña de Tajo,0.006637902165387192,0.2566975158304923,0.8884444444444445,0.0,0.0,0.02127659574468085,Madrid,0.1985004167082003,1.0581801408595348,1.2835651213025732,12.748719046028603,1.8788845172214625,58.07561202233654,0.05119944547062138,0.0,0.0,0.0,0.0,0.02478744763651687,30.851063829787233,5.847953216374271,3.2354818338686715,6.17517025548475,94.15204678362574,0.03798997315906897,0.03346700446742838,0.9415204678362574,1,0.12630768671554957
28061,34834,2532.9158336075734,14387.676882398526,29583,4.832276417049221,12118.0,792.0,68.0,224.0,1.0,0.0,1.0,0.0,1.0,3.0,Galapagar,0.07271389543571147,0.4130354504908574,0.8492564735603146,0.06535731968971778,0.0056114870440666775,0.018484898498101997,Madrid,39.462067453888835,56.360456391751256,34.30766198500883,85.40725477470343,29.113330404261312,31.664977042504276,15.898084221774997,14.77529242766264,44.41008103268758,2.9840266807091456,15.748176587074825,5.55238827057978,26.803102822247897,17.543859649122812,43.277339415782535,29.547494871305965,82.45614035087719,0.5385939386711425,0.1601358508263005,0.8245614035087719,1,0.3968845456247265
28065,183219,6030.832677477531,52263.74954224299,163062,3.897183932096969,75792.0,5983.0,886.0,2292.0,8.0,1.0,10.0,2.0,6.0,27.0,Getafe,0.032915978569239716,0.2852528915791648,0.8899841173677402,0.07893972978678489,0.011689888114840617,0.030240658644711843,Madrid,94.00605203153972,23.051605721047707,100.0,26.01991770672486,100.0,59.113270738725,99.48971219347617,100.0,53.639283452456354,38.88011233982798,32.80670896501669,56.81282998289667,43.84895503483217,100.0,48.79351191533601,93.87230647694385,0.0,0.6075572184609492,0.5087511388761004,0.0,0,0.5023387608016723
28066,10491,406.0864802999287,4686.529190879986,9697,4.274828333294293,3115.0,205.0,70.0,210.0,1.0,1.0,1.0,1.0,1.0,5.0,Griñón,0.03870808124105698,0.44671901543036757,0.9243160804499094,0.06581059390048154,0.02247191011235955,0.06741573033707865,Madrid,6.297829244679944,27.899303745350057,11.109316736176567,100.0,9.47933276397439,82.25121140386548,4.078889155826169,3.8244128127157087,44.718079349105885,3.071792171318238,63.065566385384244,5.205364003668543,97.75280898876404,29.239766081871355,29.246153161331293,69.98254816487233,70.76023391812865,0.363175816136552,0.37927800452069466,0.7076023391812865,1,0.40486445321388964
28067,6672,54.92603845904638,2476.6894916558085,5945,3.87102719537698,444.0,27.0,3.0,6.0,0.0,0.0,1.0,0.0,0.0,1.0,Guadalix de la Sierra,0.008232319912926616,0.3712064585815061,0.8910371702637889,0.060810810810810814,0.006756756756756757,0.013513513513513514,Madrid,0.8220873734525902,2.3926274396389307,5.824929165003164,65.96710219917782,5.774879422610792,59.82297310464314,0.5723835442356646,0.5037031509430445,41.32074339328226,0.13164823591363875,18.962281784794587,0.14872468581910125,19.594594594594597,5.847953216374271,15.179556669507258,23.769911177352736,94.15204678362574,0.18731499422887962,0.12882360981970895,0.9415204678362574,1,0.23641441860549062
28068,16921,717.9574018512906,5778.550483430923,15217,4.151000717677159,4008.0,256.0,32.0,144.0,1.0,0.0,1.0,0.0,1.0,3.0,Guadarrama,0.04242996287756578,0.34150171286749736,0.8992967318716388,0.06387225548902195,0.007984031936127744,0.03592814371257485,Madrid,11.160918761838191,31.014331098677356,13.7206662145296,52.1617303138367,14.929381389861135,65.38948399553242,5.251225176473987,4.775852097830349,43.40098485486466,1.4042478497454802,22.4065285760447,3.5693924596584297,52.09580838323353,17.543859649122812,21.7913886241507,35.054873414591505,82.45614035087719,0.2699762266410585,0.18998368573388844,0.8245614035087719,1,0.2894381009196033
28072,8811,907.9446361604467,3627.326930994719,7962,5.073523587448306,581.0,36.0,0.0,2.0,0.0,0.0,1.0,0.0,0.0,1.0,Hoyo de Manzanares,0.10304671843836645,0.41168164010835534,0.9036431733060947,0.06196213425129088,0.0,0.0034423407917383822,Madrid,14.123442240996809,81.74750052288515,8.576447379425693,84.77806723771461,7.766319291888611,68.31875733111917,0.7522380065298987,0.6716042012573927,42.103063836184326,0.0,0.0,0.04957489527303374,4.991394148020654,5.847953216374271,38.02582011086567,9.563127416147083,94.15204678362574,0.4729393574962665,0.05182840548801313,0.9415204678362574,1,0.3302975401265516
28073,19838,714.4847542407205,5414.404273379153,17245,3.983067641426586,13032.0,584.0,296.0,776.0,1.0,0.0,1.0,0.0,1.0,3.0,Humanes de Madrid,0.03601596704510134,0.27293095439959436,0.8692912591995161,0.044812768569674644,0.022713321055862493,0.05954573357888275,Madrid,11.10676880740274,25.64613984125858,12.849883728739774,20.29325952390265,16.93168186328474,45.16737072296964,17.097989174599302,10.894912598175482,30.450126977765603,12.989292610145691,63.743066331206364,19.235059365937094,86.34131368938,17.543859649122812,14.15306863210065,75.42369789106286,82.45614035087719,0.17448182381401464,0.4087669051761261,0.8245614035087719,1,0.34491806839644057
28074,186660,3317.4388379445477,53919.67422018876,168774,3.4333616493226025,80400.0,4870.0,2204.0,4025.0,5.0,1.0,10.0,2.0,8.0,26.0,Leganés,0.017772628511435486,0.28886571424080554,0.9041787206685953,0.06057213930348259,0.027412935323383084,0.05006218905472637,Madrid,51.69535159395031,10.377384921452656,100.0,27.69898814482718,100.0,68.67968813683086,100.0,90.85312389231952,41.15856689903554,96.71757065121996,76.93214701425019,99.76947673698041,72.59017412935323,100.0,38.13518067617975,165.06409893081985,0.0,0.4743065850919112,0.8945827738795097,0.0,0,0.6160002115371395
28075,8944,252.05333939678067,2587.774737248835,8069,3.809292629328053,2130.0,90.0,105.0,170.0,1.0,0.0,1.0,0.0,0.0,2.0,Loeches,0.028181276766187462,0.2893308069374816,0.9021690518783542,0.04225352112676056,0.04929577464788732,0.07981220657276995,Madrid,3.895947885895766,19.08889893271726,6.090567207146503,27.915141405339387,7.871963350397647,67.32527688123524,2.7857749561194503,1.6790105031434819,28.71112686481584,4.607688256977357,100.0,4.213866098207868,100.0,11.695906432748542,11.578544896595453,89.68541364741985,88.30409356725146,0.1422950855074234,0.4860598194090998,0.8830409356725146,1,0.3710638007796869
28076,602,11.7483032566949,196.867469879518,513,3.77729257641921,19.0,0.0,0.0,0.0,0.0,0.0,1.0,0.0,0.0,1.0,Lozoya,0.01951545391477558,0.3270223752151462,0.8521594684385382,0.0,0.0,0.0,Madrid,0.14880500909272765,11.836041948646711,0.3731929324648375,45.43241362926865,0.4117156298903573,33.62144318115128,0.014440869235303466,0.0,0.0,0.0,0.0,0.0,0.0,5.847953216374271,11.728522597582293,0.0,94.15204678362574,0.14417010920478324,0.0,0.9415204678362574,1,0.15902859592577823
28079,3280782,242913.26783856525,998555.9245803608,2793269,4.343893427577311,8480206.0,542283.0,163010.0,343952.0,127.0,58.0,233.0,51.0,223.0,692.0,Madrid,0.07404127059907219,0.30436521676245504,0.8514034154052296,0.06394691355375093,0.019222410398992668,0.04055939207137185,Madrid,100.0,57.471402506059846,100.0,34.90242958846974,100.0,33.11190313001801,100.0,100.0,43.45171476117199,100.0,53.94611286016237,100.0,58.81111850348919,100.0,58.64504710198696,152.82023436902966,0.0,0.7307212742425858,0.8282258228911432,0.0,0,0.701526193710178
28080,72179,18762.88226044543,33195.70554809231,64771,6.699874312793817,61830.0,3759.0,631.0,1697.0,2.0,2.0,3.0,1.0,6.0,14.0,Majadahonda,0.2599493240477899,0.4599080833496212,0.8973662699677192,0.06079573022804464,0.010205401908458677,0.02744622351609251,Madrid,100.0,100.0,79.28328304664436,100.0,63.855415738990075,64.08845402290014,81.16031071499371,70.1266720146261,41.310496187524045,27.690012287168685,28.64062059386054,42.06429863916913,39.79702409833414,81.87134502923979,76.03612986332242,72.45807791654822,18.12865497076021,0.948144878456331,0.39269440630896973,0.1812865497076021,-1,0.6215063331151456
28082,9247,160.93735152923566,2907.9537076755773,8409,3.931735504724807,719.0,33.0,1.0,13.0,0.0,0.0,1.0,0.0,0.0,1.0,Manzanares el Real,0.017404277228207598,0.31447536581329916,0.9093760138423272,0.0458970792767733,0.0013908205841446453,0.01808066759388039,Madrid,2.475151092017048,10.069093461661797,6.8562108746343196,39.601152439253426,8.207654751267484,72.18239087437416,0.9334052751182512,0.6156371844859433,31.18691249154544,0.04388274530454626,3.90322351063922,0.32223681927471937,26.216968011126568,5.847953216374271,11.982196776281784,14.036614654852794,94.15204678362574,0.14734154798094887,0.07607295441680949,0.9415204678362574,1,0.194688572862617
28083,15143,75.49405888220551,3780.078317713647,13334,3.0057916598806123,3546.0,270.0,78.0,192.0,1.0,0.0,1.0,0.0,0.0,2.0,Meco,0.004985409686469359,0.24962545847676462,0.8805388628409166,0.07614213197969544,0.021996615905245348,0.05414551607445008,Madrid,1.1428102033047762,0.0,8.94172162521845,9.46195865081578,13.070243425632015,52.74766507016082,4.6447086685912415,5.037031509430446,51.73832506096255,3.4228541337546083,61.7316923078592,4.75918994621124,78.51099830795262,11.695906432748542,4.085405868435985,67.10183682987966,88.30409356725146,0.04861573749125612,0.3636656772278655,0.8830409356725146,1,0.27383073019085624
28084,23897,176.47497925038311,6824.554967824382,20423,3.226588912263757,9735.0,660.0,154.0,385.0,1.0,0.0,1.0,1.0,1.0,4.0,Mejorada del Campo,0.0073848173097201784,0.2855820800863867,0.8546261036950245,0.06779661016949153,0.015819209039548022,0.03954802259887006,Madrid,2.7174336174809537,1.683310473428121,16.221975743298138,26.172909077407947,20.06940913376809,35.28382584393482,12.769666822890619,12.312743689718866,46.06757078874406,6.757942776900124,44.39530831423094,9.543167340058996,57.34463276836159,23.391812865497084,9.530051003062038,55.745573572055335,76.60818713450291,0.11668478098215865,0.30211917770498475,0.7660818713450291,1,0.26506996854371745
28085,6711,116.70860475827745,2349.4228933409777,5699,3.834904395764237,564.0,33.0,3.0,15.0,0.0,0.0,1.0,0.0,0.0,1.0,Miraflores de la Sierra,0.01739064293820257,0.3500853663151509,0.8492028013708837,0.05851063829787234,0.005319148936170213,0.026595744680851064,Madrid,1.7854800136460216,10.057682248072346,5.520596669484816,56.15100964046843,5.531996820804969,31.628804804655548,0.7299202995298842,0.6156371844859433,39.75778383230704,0.13164823591363875,14.92775374547659,0.3718117145477531,38.56382978723404,5.847953216374271,14.872794274608498,24.897453692549096,94.15204678362574,0.18347984569606873,0.13493444868439863,0.9415204678362574,1,0.23743847925483608
28086,9437,137.69931775992353,2649.363145501137,7321,3.2900697647359483,630.0,39.0,6.0,24.0,0.0,0.0,1.0,0.0,0.0,1.0,"Molar, El",0.014591429242335863,0.2807420944687016,0.7757762000635795,0.06190476190476191,0.009523809523809525,0.0380952380952381,Madrid,2.112794005755962,7.714881460185824,6.237843509228991,23.92351088308729,7.133442268484008,0.0,0.816565514941705,0.7275712180288422,42.06407951781749,0.2632964718272775,26.727787658567614,0.594898743276405,55.23809523809524,5.847953216374271,8.15296121166433,35.91957942168053,94.15204678362574,0.09946838164230222,0.19467005365654724,0.9415204678362574,1,0.226514342668108
28087,4699,101.6870625221256,1893.927548550233,4099,4.041611582377324,296.0,16.0,0.0,2.0,0.0,0.0,1.0,0.0,0.0,1.0,"Molinos, Los",0.02164014950460217,0.403049063322033,0.8723132581400298,0.05405405405405406,0.0,0.006756756756756757,Madrid,1.5512449518557252,13.614305076329616,4.431371084667691,80.7660506390423,3.952272581417507,47.204039351803125,0.3780882127061271,0.2984907561143968,36.729549682917565,0.0,0.0,0.04957489527303374,9.797297297297298,5.847953216374271,20.247057002007075,9.374982526320458,94.15204678362574,0.2506689671681617,0.05080873386636694,0.9415204678362574,1,0.22981701224916368
28089,5368,164.59935275293105,2062.0652039077745,5086,3.86721122196248,969.0,60.0,12.0,36.0,0.0,0.0,1.0,0.0,1.0,2.0,Moraleja de Enmedio,0.030663068694659287,0.38414031369369867,0.9474664679582713,0.06191950464396285,0.01238390092879257,0.03715170278637771,Madrid,2.5322536897013306,21.166033698805183,4.8334385000234565,71.97815112227067,4.926764971589648,97.85335717285251,1.2616068486478755,1.119340335428988,42.074097159998445,0.526592943654555,34.75439881299813,0.8923481149146074,53.86996904024768,11.695906432748542,20.29146869575178,40.75974598410956,88.30409356725146,0.2512242028976287,0.220901860921138,0.8830409356725146,1,0.30076082228569645
28090,13905,769.8569187480848,5416.277696401536,12620,4.385840845667439,2160.0,125.0,25.0,75.0,0.0,0.0,1.0,0.0,1.0,2.0,Moralzarzal,0.05536547419979035,0.389520150766022,0.9075871988493348,0.05787037037037037,0.011574074074074073,0.034722222222222224,Madrid,11.97020227987471,41.84070214786567,12.854363643431551,74.47844693968084,12.36529148380536,70.97682348314424,2.8251591449430054,2.331959032143725,39.32272390821614,1.0970686326136565,32.481686390620354,1.8590585727387654,50.34722222222222,11.695906432748542,28.410260441940423,38.919445761004575,88.30409356725146,0.3527254715386843,0.21092815440942514,0.8830409356725146,1,0.34194822524390067
28091,7960,60.70073519354153,2271.854200269545,6826,3.214582914593356,556.0,40.0,4.0,12.0,1.0,0.0,1.0,0.0,0.0,2.0,Morata de Tajuña,0.007625720501701198,0.2854088191293398,0.857537688442211,0.07194244604316546,0.007194244604316547,0.02158273381294964,Madrid,0.9121338164316173,1.8849343040098592,5.335106727511762,26.092385515002412,6.644715081923512,37.246081103288724,0.7194178491769363,0.7462268902859919,48.884652455681646,0.17553098121818503,20.190055425536684,0.2974493716382025,31.294964028776977,11.695906432748542,7.0164196102795735,28.464010393329488,88.30409356725146,0.08525931975103676,0.15426378926935455,0.8830409356725146,1,0.19608949262642755
28092,208761,4929.243516198917,58871.77883201963,186050,3.7038186259108454,73758.0,4842.0,1736.0,3447.0,6.0,2.0,11.0,3.0,8.0,30.0,Móstoles,0.023611898372775168,0.2820056372216057,0.891210523038307,0.06564711624501748,0.023536429946582067,0.04673391360937119,Madrid,76.82866763231188,15.264559506240072,100.0,24.510746261730603,100.0,59.93980377352553,96.81946419123913,90.33076506911932,44.60699682674023,76.1804458486923,66.05305369456471,85.44233200307366,67.76417473358822,100.0,43.49903678466417,142.9689534524585,0.0,0.541365602842284,0.7748357382773711,0.0,0,0.5922906035038448
28093,3218,197.0122054462224,1359.9623149394338,2845,4.317429406037,137.0,6.0,0.0,4.0,0.0,0.0,1.0,0.0,0.0,1.0,Navacerrada,0.06122194078502871,0.42261103633916525,0.8840894965817278,0.043795620437956206,0.0,0.029197080291970802,Madrid,3.0376762644314343,46.742269523870995,3.154500529340879,89.85753773381852,2.7141637087975834,55.14060580069542,0.1693520119412861,0.11193403354289878,29.75897821024708,0.0,0.0,0.09914979054606748,42.33576642335766,5.847953216374271,28.735214709608716,14.461165691538742,94.15204678362574,0.35678805516563106,0.07837385477316809,0.9415204678362574,1,0.28997490625608535
28095,2809,62.664954022988525,633.9084291187742,2254,4.11,48.0,5.0,0.0,1.0,0.0,0.0,1.0,0.0,0.0,1.0,Navalagamella,0.022308634397646323,0.22567049808429127,0.8024207903168388,0.10416666666666667,0.0,0.020833333333333332,Madrid,0.9427624237777991,14.173793241319165,1.4182885626630075,0.0,2.1306530678738396,0.10018544275789136,0.05251225176473987,0.09327836128574898,70.78090303478905,0.0,0.0,0.02478744763651687,30.208333333333332,5.847953216374271,3.467453003615362,20.221460435408932,94.15204678362574,0.04089008055848491,0.10959239644100016,0.9415204678362574,1,0.16186916143339403
28096,31379,278.61320234053284,9055.42446976822,27937,3.3724506856765415,11858.0,882.0,266.0,364.0,1.0,0.0,2.0,1.0,1.0,5.0,Navalcarnero,0.008878970086380472,0.28858231523529176,0.89030880525192,0.0743801652892562,0.02243211334120425,0.030696576151121605,Madrid,4.310103173013964,2.9338410447637,21.556651861715498,27.567277585823525,27.488189092991462,59.332093326319615,15.556754585304185,16.454302930806122,50.541074563684084,11.672810251009306,62.953880022246025,9.022630939692142,44.510035419126325,29.239766081871355,11.451636494113721,68.88162293461494,70.76023391812865,0.14070847456138544,0.3733114209165254,0.7076023391812865,1,0.3020691868831885
28099,3134,28.3182663099224,978.4352296093218,2519,3.3922542204568,109.0,12.0,1.0,2.0,0.0,0.0,1.0,0.0,0.0,1.0,Navas del Rey,0.00903582205166637,0.312200137080192,0.8037651563497128,0.11009174311926606,0.009174311926605505,0.01834862385321101,Madrid,0.40718502484735203,3.065118234638827,2.2421551730273532,38.543732891307435,2.3922948950223883,1.0062175687514285,0.13259343570596818,0.22386806708579757,74.80697274869449,0.04388274530454626,25.746951414216507,0.04957489527303374,26.605504587155966,5.847953216374271,9.012391296034137,35.811684555354496,94.15204678362574,0.11021299076628627,0.19408530573479743,0.9415204678362574,1,0.23108628020911343
28100,6760,415.7599699506706,2782.8835433010413,5763,4.659124569767096,612.0,48.0,0.0,15.0,0.0,0.0,1.0,0.0,0.0,1.0,Nuevo Baztán,0.061502954134714585,0.4116691632102132,0.8525147928994082,0.0784313725490196,0.0,0.024509803921568627,Madrid,6.44867064368198,46.97746353496876,6.557130709508566,84.77226856094806,5.595185790380468,33.860913212993246,0.792935001647572,0.8954722683431903,53.293856402664694,0.0,0.0,0.3718117145477531,35.53921568627451,5.847953216374271,29.121609648401353,18.02007121436603,94.15204678362574,0.36161877107878987,0.09766172896996894,0.9415204678362574,1,0.3008282718055672
28104,26450,2080.974241725509,8998.892516152895,23442,5.016520534134331,9022.0,560.0,140.0,410.0,1.0,0.0,1.0,1.0,1.0,4.0,Paracuellos de Jarama,0.07867577473442378,0.3402227794386728,0.8862759924385634,0.06207049434715141,0.015517623586787852,0.045444469075593,Madrid,32.414817242433905,61.35024889631489,21.421467054797667,51.56734207124719,23.05015130796231,56.614189215630205,11.83363593518413,10.447176464003888,42.17669416038859,6.143584342636476,43.548933560290834,10.162853530971917,65.89448015960984,23.391812865497084,33.528030251446445,55.55175160475123,76.60818713450291,0.416707914310617,0.3010687385466651,0.7660818713450291,1,0.3996076809202799
28106,130577,1438.9765839608465,34109.72473476815,103517,3.1771013055000066,39310.0,4226.0,322.0,916.0,2.0,0.0,6.0,1.0,3.0,12.0,Parla,0.011020138186363958,0.2612230694132056,0.7927659541879504,0.10750445179343679,0.00819129992368354,0.023301958789112186,Madrid,22.403970242062616,4.725890833261757,81.46897625850019,14.851983985506994,100.0,0.0,51.59591297144516,78.83887095871505,73.04891691071427,14.130243988063896,22.988209125824746,22.705302035049453,33.78784024421267,70.17543859649125,24.848717454703902,63.94725789807147,29.824561403508753,0.30819900222828867,0.34656909481219694,0.29824561403508754,-1,0.3244702050717273
28108,6307,198.0067245888281,2242.9103635253314,5227,4.058482505904365,254.0,18.0,0.0,6.0,0.0,0.0,1.0,0.0,0.0,1.0,Pedrezuela,0.0313947557616661,0.3556223820398496,0.8287616933565879,0.07086614173228346,0.0,0.023622047244094488,Madrid,3.053184076422885,21.77841889812066,5.265893358231225,58.72435471974974,5.065978170185668,17.852571175587485,0.32295034835315023,0.33580210062869637,48.153307261462786,0.0,0.0,0.14872468581910125,34.25196850393701,5.847953216374271,17.930122549176218,16.577960510369522,94.15204678362574,0.2217026143323592,0.08984605371303,0.9415204678362574,1,0.23434894740405088
28109,2867,42.60171899075504,806.2057010785815,2160,3.59486607142857,130.0,6.0,0.0,1.0,0.0,0.0,1.0,0.0,0.0,1.0,Pelayos de la Presa,0.014859336934340788,0.28120184899845885,0.7534007673526334,0.046153846153846156,0.0,0.007692307692307693,Madrid,0.6299108521077287,7.9391066963072365,1.830302865243932,24.137183214114046,2.037844268809826,0.0,0.1601623678824566,0.11193403354289878,31.36138472926038,0.0,0.0,0.02478744763651687,11.153846153846155,5.847953216374271,7.0579808790251155,8.53039047285719,94.15204678362574,0.08577891942003735,0.04623137569534258,0.9415204678362574,1,0.15355667958554672
28110,3117,44.8426334987581,845.3601362862005,2605,3.43139190523198,65.0,2.0,0.0,0.0,0.0,0.0,1.0,0.0,0.0,1.0,Perales de Tajuña,0.01438647208814825,0.2712095400340714,0.835739493102342,0.03076923076923077,0.0,0.0,Madrid,0.6648540516805133,7.543342651618712,1.9239328289196211,19.4932269057609,2.477205072889464,22.555241864824662,0.07482995876475432,0.0373113445142996,20.90758981950692,0.0,0.0,0.0,0.0,5.847953216374271,6.092219186216418,4.188980232804244,94.15204678362574,0.07370495076934074,0.022702632375311525,0.9415204678362574,1,0.13753545919871926
28113,54088,568.1187269625093,17053.55865015698,48456,3.493360397555959,54607.0,2378.0,2871.0,4118.0,1.0,1.0,2.0,1.0,1.0,6.0,Pinto,0.010503600187888429,0.31529283112995454,0.8958733915101317,0.04354753053637812,0.0525756771109931,0.07541157727031333,Madrid,8.824442871454453,4.293574561164101,40.68258252096732,39.98107195812255,47.74716513548604,63.08233231965661,71.6779108525758,44.36318862750222,29.590401948478995,100.0,100.0,100.0,100.0,35.087719298245624,18.935509060643714,174.79071811519623,64.91228070175438,0.23427197312105605,0.9472972407247555,0.6491228070175439,-1,0.5966184269323695
28115,87728,18823.84615780941,41682.593315648715,80403,6.175148172067489,176308.0,10540.0,4800.0,10256.0,2.0,2.0,4.0,2.0,7.0,17.0,Pozuelo de Alarcón,0.214570560799396,0.47513443046289344,0.9165032828743389,0.059781745581595845,0.02722508337681784,0.05817092814846746,Madrid,100.0,100.0,99.57796969408025,100.0,79.28932155780558,76.98579601530616,100.0,100.0,40.621496997709095,100.0,76.40495598565053,100.0,84.34784581527781,99.4152046783626,80.09889459539092,170.8368421539877,0.5847953216374009,0.9989376303074523,0.9258687814300675,0.005847953216374009,-1,0.8667476806035213
28119,3683,37.84887287654533,1115.557912593444,3251,3.565123108177088,150.0,16.0,0.0,0.0,0.0,0.0,1.0,0.0,0.0,1.0,Quijorna,0.010276642106040002,0.30289381281385935,0.8827043171327722,0.10666666666666667,0.0,0.0,Madrid,0.5557984084092128,4.103622084953786,2.570056514442135,34.218590080146896,3.115018734542152,54.207067574996024,0.18641849376482655,0.2984907561143968,72.47964470762399,0.0,0.0,0.0,0.0,5.847953216374271,8.46615428101696,14.555627092747677,94.15204678362574,0.1033839265734555,0.07888579857479058,0.9415204678362574,1,0.1761734231003365
28120,1736,126.15246799166565,639.5240384615385,1394,4.12863705972435,0.0,0.0,0.0,0.0,0.0,0.0,1.0,0.0,0.0,1.0,Rascafría,0.07266847234542952,0.3683894230769231,0.8029953917050692,0.0,0.0,0.0,Madrid,1.9327407844268034,56.32243955443086,1.4317171639438548,64.65787628863123,1.2815512892030787,0.48743661144761097,0.0,0.0,0.0,0.0,0.0,0.0,0.0,5.847953216374271,25.029553836627564,0.0,94.15204678362574,0.31045982166491565,0.0,0.9415204678362574,1,0.23385896653283778
28123,96690,7707.885615268477,33685.4578091162,88326,4.213123463532007,50170.0,4042.0,1057.0,2480.0,2.0,1.0,4.0,1.0,5.0,13.0,Rivas-Vaciamadrid,0.0797175055876355,0.34838615998672245,0.9134967421656841,0.08056607534383098,0.02106836755032888,0.049431931433127366,Madrid,100.0,62.22212511901051,80.45442716267111,55.36129827583564,87.11191852572236,74.95954542317752,65.85298932557204,75.40622726339949,54.74437984133,46.38406178690539,59.126639690773885,61.472870138561845,71.67630057803468,76.02339181286553,59.79026945993659,115.96637645087277,23.976608187134474,0.7450388630959467,0.6284923456654037,0.23976608187134474,0,0.6420656521297421
28127,95725,17655.003066570403,44038.818724570185,88005,5.820545465180943,102758.0,6187.0,2271.0,4997.0,3.0,1.0,5.0,2.0,4.0,15.0,"Rozas de Madrid, Las",0.18443461025406532,0.46005556254447827,0.9193523113084356,0.060209424083769635,0.022100469063235952,0.04862881722104362,Madrid,100.0,100.0,100.0,100.0,86.79498635019526,78.90589160388802,100.0,100.0,40.91210311539639,99.65771458662455,62.02314764907588,100.0,70.51178497051325,87.71929824561407,80.1838704622617,159.2932949586022,12.28070175438593,1.0000000000000002,0.8633072763096534,0.12280701754385931,-1,0.8507689760937301
28129,13608,1377.087665085494,5126.755003900518,11847,4.8159243281749395,3096.0,198.0,84.0,174.0,1.0,0.0,1.0,1.0,1.0,4.0,San Agustín del Guadalix,0.10119691836313155,0.37674566460174297,0.8705908289241623,0.06395348837209303,0.027131782945736434,0.0562015503875969,Madrid,21.4389192167415,80.19931108665455,12.16202830419307,68.54146522504365,11.602087210651293,46.04321248905535,4.053945836237919,3.69382310691566,43.4561823283356,3.686150605581886,76.14311600405888,4.313015888753935,81.4922480620155,23.391812865497084,36.64246293231138,74.48861384298861,76.60818713450291,0.45564460317855804,0.40369911583274304,0.7660818713450291,1,0.46331286068958843
28130,38904,543.0499569192143,12161.990202935673,33731,3.900320602661356,36910.0,2082.0,2472.0,3866.0,0.0,0.0,3.0,1.0,3.0,7.0,San Fernando de Henares,0.013958717790438368,0.312615417513255,0.8670316676948385,0.05640747764833379,0.06697371985911676,0.10474126253047955,Madrid,8.433538608244646,7.185333862516148,28.985379545061328,38.73673574917861,33.208765494873305,43.64452467896236,48.445177865560765,38.84110963938588,38.32869317629194,100.0,100.0,95.82827256277423,100.0,40.935672514619895,16.841603886539115,174.59961507569042,59.064327485380105,0.20809393601529325,0.9462615370903174,0.5906432748538011,-1,0.578524290382905
28131,18423,1066.7473232631105,6673.728791708648,16797,4.331035492884882,5301.0,351.0,45.0,90.0,1.0,0.0,1.0,0.0,1.0,3.0,San Lorenzo de El Escorial,0.05790301922939318,0.36224983942401606,0.9117407588340661,0.06621392190152801,0.008488964346349746,0.01697792869269949,Madrid,16.599696452527528,43.96449944973988,15.861305251789904,61.804485912373266,16.489359076256253,73.77610484802865,6.948683714769204,6.54814096225958,44.99213938238543,1.9747235387045818,23.823579831490655,2.2308702872865185,24.617996604414262,17.543859649122812,27.828345565052928,31.156811469386298,82.45614035087719,0.34545036212687896,0.1688577165480794,0.8245614035087719,1,0.31389477575460845
28132,19927,242.78949716070633,6247.867356839475,16150,3.6445713281264185,4792.0,352.0,96.0,184.0,1.0,0.0,1.0,0.0,1.0,3.0,San Martín de la Vega,0.01218394626189122,0.31353778074168087,0.8104581723290009,0.07345575959933222,0.02003338898163606,0.038397328881469114,Madrid,3.751494232304848,5.69993953855353,14.842943207586066,39.1654068950076,15.850558086953948,5.516958950738824,6.280465311062889,6.566796634516729,49.91294397645224,4.21274354923644,56.22205751217895,4.560890365119104,55.67612687813022,17.543859649122812,12.85404840915621,59.604232207692895,82.45614035087719,0.1582414515097065,0.3230315963840429,0.8245614035087719,1,0.2990290119030644
28133,8812,172.53624289066263,2483.3518705189767,7513,3.649894149070183,948.0,48.0,4.0,28.0,1.0,0.0,1.0,0.0,1.0,3.0,San Martín de Valdeiglesias,0.019579691658041607,0.2818147833090078,0.8525873808443032,0.05063291139240506,0.004219409282700422,0.029535864978902954,Madrid,2.6560158122988438,11.889805702288642,5.840860905242664,24.422046319150578,7.323009177210505,33.90983367693421,1.234037916471387,0.8954722683431903,34.40489463969493,0.17553098121818503,11.841424912023623,0.6940485338224724,42.82700421940928,17.543859649122812,9.132263223965008,22.974457468199063,82.45614035087719,0.1117116315911534,0.12451256223130708,0.8245614035087719,1,0.18875702757098442
28134,91083,6414.732345516315,30426.309893439604,81372,4.13839487660388,56872.0,2956.0,1209.0,2253.0,4.0,2.0,4.0,1.0,4.0,15.0,San Sebastián de los Reyes,0.07042732832160024,0.3340503704691282,0.8933829584005797,0.05197636798424532,0.021258264172176116,0.03961527641018427,Madrid,99.99230570980218,54.446714956288425,72.66082985139847,48.69869602817428,80.2460420502846,61.40391115331081,74.6514171087542,55.14616719213481,35.31776891897647,53.05423907319643,59.65956893228417,55.84611952507251,57.4421507947672,87.71929824561407,55.338385900812796,108.37872608947855,12.28070175438593,0.6893813412355722,0.587370252178747,0.12280701754385931,0,0.5868189187908296
28141,9361,372.5200726883374,3863.287300837936,8503,4.335365449684808,1480.0,124.0,4.0,16.0,0.0,0.0,1.0,0.0,0.0,1.0,Sevilla la Nueva,0.0397949014729556,0.41270027783761737,0.9083431257344301,0.08378378378378379,0.002702702702702703,0.010810810810810811,Madrid,5.774418969131996,28.80891750557951,9.140699187430922,85.25148225376269,8.300463550331497,71.48627851700462,1.9324508649424272,2.313303359886575,56.93080200852222,0.17553098121818503,7.584912713917835,0.39659916218426994,15.675675675675677,5.847953216374271,25.976772208327915,19.719542258335363,94.15204678362574,0.32230196140853395,0.10687219648222412,0.9415204678362574,1,0.2872804178344669
28144,9188,581.0301613919413,3903.910264822134,8361,4.6309632681505875,1028.0,52.0,4.0,8.0,0.0,0.0,1.0,0.0,0.0,1.0,Soto del Real,0.06323793659032884,0.4248922795844726,0.9099912929908577,0.05058365758754864,0.0038910505836575876,0.007782101167315175,Madrid,9.025774438735265,48.42955641018736,9.23784084257346,90.91775254479866,8.16026302408586,72.59705671789504,1.3390624200008667,0.9700949573717895,34.371426843352815,0.17553098121818503,10.919913245718284,0.19829958109213497,11.284046692607005,5.847953216374271,31.704183105857126,16.02204015104663,94.15204678362574,0.3939061471422955,0.0868331830747721,0.9415204678362574,1,0.31048474538130616
28146,2783,16.71353618760581,705.7267924528319,2229,3.17396061269147,55.0,3.0,0.0,1.0,0.0,0.0,1.0,0.0,0.0,1.0,Tielmes,0.006005582532377223,0.25358490566037795,0.8009342436219906,0.05454545454545454,0.0,0.01818181818181818,Madrid,0.22622925915249192,0.5289604758517178,1.5900277466037023,11.302123901056255,2.1059698766334107,0.0,0.061701895823569344,0.05596701677144939,37.063454680034994,0.0,0.0,0.02478744763651687,26.36363636363636,5.847953216374271,2.8896551252572316,12.701569101615863,94.15204678362574,0.03366644193036116,0.06883753034818299,0.9415204678362574,1,0.14027883430897062
28148,134733,4187.734485249388,36516.325959932736,113587,3.7752000796393705,226538.0,14630.0,7392.0,11396.0,4.0,1.0,9.0,1.0,3.0,18.0,Torrejón de Ardoz,0.031081728197615937,0.2710273352477324,0.8430525557955364,0.064580776735029,0.03263028719243571,0.05030502608833838,Madrid,65.2661122733476,21.516430603061302,87.22387947953257,19.408546671197836,100.0,27.48386217909577,100.0,100.0,43.8824226815371,100.0,91.57421566833747,100.0,72.94228782809066,100.0,38.85160431658697,178.30947150292803,0.0,0.48326332528911037,0.9663675060736993,0.0,-1,0.6523338741132644
28149,9947,201.120151569075,3880.327157427294,8884,3.946528707718867,2325.0,185.0,50.0,95.0,1.0,0.0,1.0,0.0,1.0,3.0,Torrejón de la Calzada,0.02021917679391525,0.39010024705210555,0.8931336081230522,0.07956989247311828,0.021505376344086023,0.04086021505376344,Madrid,3.101732604239329,12.425022532064341,9.181446580287968,74.74804847190039,8.676635384835636,61.23586215732247,3.041772183472557,3.4512993675727124,54.06747689883241,2.194137265227313,60.353068906443,2.354807525469103,59.24731182795699,17.543859649122812,20.069876759323016,61.35250282696843,82.45614035087719,0.2484538568447562,0.33250653848359074,0.8245614035087719,1,0.3438883182486333
28150,4685,63.74937581405189,1616.0133762433843,4424,3.1561524648067216,483.0,27.0,12.0,18.0,0.0,0.0,1.0,0.0,0.0,1.0,Torrejón de Velasco,0.013607123973116732,0.3449334847904769,0.944290288153682,0.055900621118012424,0.024844720496894408,0.037267080745341616,Madrid,0.9596721126262021,6.891067557141374,3.766795188729697,53.75665686458182,4.273154067543085,95.71277873623603,0.623582989706286,0.5037031509430445,37.98428585220977,0.526592943654555,69.72466345713289,0.4461740574573037,54.037267080745345,5.847953216374271,13.263696402246556,60.74503986874356,94.15204678362574,0.16336287749214437,0.32921432714437265,0.9415204678362574,1,0.3158117888700584
28151,4940,38.52214011038662,1371.3673252361325,4162,3.690072776173537,339.0,9.0,0.0,0.0,0.0,0.0,1.0,1.0,0.0,2.0,Torrelaguna,0.007798004070928466,0.2776047217077191,0.8425101214574898,0.02654867256637168,0.0,0.0,Madrid,0.5662968505558961,2.0291269686576268,3.181773319617087,22.465407247886795,4.014474223343388,27.118289913437167,0.43453888335322244,0.16790105031434818,18.039734578778095,0.0,0.0,0.0,0.0,11.695906432748542,5.817022901634979,3.641527125818489,88.30409356725146,0.07026444226960811,0.019735650928779477,0.8830409356725146,1,0.1288041355065259
28152,24775,3590.0674470040303,12011.479426529764,23149,6.078649563531918,11580.0,770.0,50.0,200.0,1.0,0.0,2.0,1.0,1.0,5.0,Torrelodones,0.14490685961671163,0.48482258028374425,0.9343693239152371,0.06649395509499137,0.004317789291882556,0.017271157167530225,Madrid,55.9465248812818,100.0,28.62546326857925,100.0,22.76086430662448,89.02656969713395,15.191794435539247,14.364867638005343,45.182421004590736,2.194137265227313,12.117520311526766,4.957489527303374,25.043177892918827,29.239766081871355,57.10127149475525,26.496585758616103,70.76023391812865,0.7114209660773105,0.143601118231127,0.7076023391812865,1,0.4555201718569255
28154,7714,113.80934554522284,2445.6297123073355,6969,3.5373987826642592,1260.0,44.0,44.0,84.0,0.0,0.0,1.0,0.0,0.0,1.0,Torres de la Alameda,0.014753609741408198,0.31703781595894936,0.903422348975888,0.03492063492063492,0.03492063492063492,0.06666666666666667,Madrid,1.7402710630442952,7.850618364291267,5.750655944185345,40.79205902162032,6.7859029358187675,68.16993332599274,1.643633480236358,0.8208495793145911,23.728455112614995,1.9308407934000353,98.00188808141456,2.0821456014674173,96.66666666666667,5.847953216374271,11.407405348423424,84.6192607169015,94.15204678362574,0.1401554960466797,0.4586032545301411,0.9415204678362574,1,0.3635934845431951
28160,13453,673.2064328828258,5681.977671644533,11797,4.336597774337323,2685.0,220.0,5.0,30.0,0.0,0.0,1.0,0.0,0.0,1.0,Valdemorillo,0.05004136124900214,0.4223576653270299,0.8769047796030626,0.08193668528864059,0.00186219739292365,0.0111731843575419,Madrid,10.46310452833847,37.38468793418793,13.489731741546592,89.73978277704593,11.552720828170434,50.298483759776616,3.514382449355216,4.104247896572956,55.675704733510045,0.21941372652273128,5.226103732122158,0.7436234290955062,16.201117318435752,5.847953216374271,30.390842352144393,18.612249150709786,94.15204678362574,0.3774867393255569,0.10087110147650451,0.9415204678362574,1,0.3094130751445534
28161,79100,1817.013431709437,22904.785684299983,71643,3.745301448311448,34552.0,2418.0,357.0,1004.0,2.0,1.0,5.0,1.0,2.0,11.0,Valdemoro,0.02297109268912057,0.289567454921618,0.9057269279393173,0.06998147719379486,0.010332252836304701,0.0290576522343135,Madrid,28.29880334237444,14.728237444525055,54.67461616313351,28.02512428344155,70.64033134715922,69.72309855532541,45.34958062402936,45.109415517788214,47.55218065425883,15.666140073723014,28.99661728355542,24.886597427062938,42.133595739754576,64.32748538011698,25.326501632282774,58.73401228213997,35.67251461988302,0.3141722679157163,0.3183153451826679,0.35672514619883017,1,0.32029194051415594
28162,4396,566.2951279115039,1698.8209845968004,3946,5.4629277839599615,240.0,28.0,2.0,6.0,0.0,0.0,1.0,0.0,0.0,1.0,Valdeolmos-Alalpardo,0.1288205477505696,0.3864469937663331,0.8976342129208371,0.11666666666666667,0.008333333333333333,0.025,Madrid,8.79600698719718,100.0,3.9648129438342923,73.0501877769459,3.8012114510260804,64.26903350610787,0.30457106023549124,0.5223588232001943,79.27461139896373,0.08776549060909251,23.386814201246658,0.14872468581910125,36.25000000000001,5.847953216374271,37.34172838417964,37.323886796710056,94.15204678362574,0.464386831418962,0.2022808496750072,0.9415204678362574,1,0.3941525032759119
28164,4830,111.70162904919972,1678.0235208842985,4244,3.654530329918532,296.0,26.0,4.0,12.0,0.0,0.0,1.0,0.0,0.0,1.0,Valdetorres de Jarama,0.02312663127312624,0.3474168780298755,0.8786749482401657,0.08783783783783784,0.013513513513513514,0.04054054054054054,Madrid,1.7074048569037417,14.858415400460787,3.915079988637199,54.91082150674102,4.095435090611995,51.49148448608395,0.3780882127061271,0.48504747868589476,59.68551823474104,0.17553098121818503,37.924563569589175,0.2974493716382025,58.78378378378378,5.847953216374271,15.254079340196583,46.7104165042542,94.15204678362574,0.18824667788994126,0.25315216474150476,0.9415204678362574,1,0.29278152596777646
28165,3104,21.00658032687238,968.3464030003408,2450,3.22408687068115,81.0,7.0,1.0,4.0,0.0,0.0,1.0,0.0,0.0,1.0,Valdilecha,0.006767583868193421,0.3119672690078418,0.7893041237113402,0.08641975308641975,0.012345679012345678,0.04938271604938271,Madrid,0.29317188351295703,1.1667171903736593,2.2180297715518797,38.435506738827655,2.324169287198804,0.0,0.09583485947065028,0.13058970580004858,58.72193436960276,0.04388274530454626,34.647132149995045,0.09914979054606748,71.60493827160494,5.847953216374271,8.5805459415955,46.92593136469052,94.15204678362574,0.10481405300527702,0.2543201708852404,0.9415204678362574,1,0.2557624475343586
28167,12770,348.8316487857374,4126.528138172795,11578,3.68491197112117,2568.0,114.0,96.0,126.0,0.0,0.0,1.0,0.0,0.0,1.0,Velilla de San Antonio,0.027316495597943413,0.32314237573788523,0.9066562255285826,0.04439252336448598,0.037383177570093455,0.04906542056074766,Madrid,5.405038824982318,18.36512067837992,9.770186751404896,43.62917194478401,11.336496072904275,70.34939634171229,3.3607841129433518,2.126746637315077,30.16457176062038,4.21274354923644,100.0,3.1232184022011262,71.14485981308411,5.847953216374271,15.615234885015944,83.839525452186,94.15204678362574,0.19276185048235633,0.45437739475494426,0.9415204678362574,1,0.38536470714041104
28170,3456,13.593336618688088,1042.8885172798216,3073,2.948473781053417,154.0,6.0,2.0,0.0,0.0,0.0,1.0,0.0,0.0,1.0,Villaconejos,0.003933257123462989,0.30176172374994836,0.8891782407407407,0.03896103896103896,0.012987012987012988,0.0,Madrid,0.17757512448817217,0.0,2.3962822585380477,33.69244820756226,2.939274412910297,58.57015220121783,0.19166971894130055,0.11193403354289878,26.473896200024992,0.08776549060909251,36.44698317077402,0.0,0.0,5.847953216374271,7.431096766265845,27.238015243543444,94.15204678362574,0.09044362041114799,0.14761937568116368,0.9415204678362574,1,0.201280395025166
28171,7092,44.91809212188427,2265.552219652918,5670,3.1911810770702056,508.0,20.0,0.0,12.0,0.0,0.0,1.0,0.0,1.0,2.0,Villa del Prado,0.006333628330778944,0.31945180762167485,0.799492385786802,0.03937007874015748,0.0,0.023622047244094488,Madrid,0.6660306988564626,0.8035182761701586,5.320036807256474,41.91396906767474,5.503364318966071,0.0,0.6564031470592484,0.37311344514299594,26.751837367479325,0.0,0.0,0.2974493716382025,34.25196850393701,11.695906432748542,9.900609447148929,12.334873737639507,88.30409356725146,0.12131750877667709,0.06685018508049877,0.8830409356725146,1,0.1729795558029806
28172,15866,734.9903310546441,4454.565630090132,14770,3.1441984055806373,3656.0,192.0,24.0,88.0,0.0,0.0,1.0,0.0,0.0,1.0,Villalbilla,0.046324866447412336,0.2807617313809487,0.9309214672885415,0.0525164113785558,0.006564551422319475,0.024070021881838075,Madrid,11.42651793678944,34.27416909020062,10.554622493859632,23.932637198419563,14.488045930482263,86.70289534564235,4.789117360944276,3.581889073372761,35.68472660659824,1.05318588730911,18.422873331397803,2.1812953920134848,34.901531728665205,5.847953216374271,16.223773637311563,26.955524091354086,94.15204678362574,0.20036981202469387,0.14608838426535078,0.9415204678362574,1,0.2500582351141459
28174,2714,34.79020727664843,1020.803913894324,2348,3.5328798185941004,72.0,2.0,0.0,0.0,0.0,0.0,1.0,0.0,0.0,1.0,Villamanta,0.012818794132884462,0.37612524461839497,0.8651436993367723,0.027777777777777776,0.0,0.0,Madrid,0.5081037899389832,6.231275211334503,2.3434713674650034,68.2531231305622,2.223461866937853,42.372133125294184,0.0840196028235838,0.0373113445142996,18.874907475943743,0.0,0.0,0.0,0.0,5.847953216374271,15.640223439727492,3.782443764091609,94.15204678362574,0.19307425780650272,0.020499363922511546,0.9415204678362574,1,0.19026017656168218
28176,22845,2623.2532825731737,8462.625679604436,19363,4.854641057085968,8654.0,522.0,80.0,274.0,1.0,0.0,1.0,1.0,3.0,6.0,Villanueva de la Cañada,0.11482833366483579,0.3704366679625492,0.8475815276865835,0.0603189276635082,0.009244280101687081,0.031661659348278255,Madrid,40.87072427539079,91.60811869430415,20.139092678554878,65.6093396426199,19.022841825173895,30.536151459447485,11.350523218948522,9.738260918232195,40.986510433087,3.5106196243637005,25.94331133949248,6.791760652405624,45.90940605500347,35.087719298245624,43.814971363711265,38.35754619005937,64.91228070175438,0.5453154221729636,0.20788287878575035,0.6491228070175439,1,0.4038515161331757
28177,17382,590.0657042245017,6715.1880799876635,15471,3.901485542956675,4928.0,320.0,32.0,56.0,1.0,0.0,1.0,0.0,1.0,3.0,Villanueva del Pardillo,0.033946939605597845,0.38633000114990584,0.8900586813945461,0.06493506493506493,0.006493506493506494,0.011363636363636364,Madrid,9.166668156598675,23.91446814981711,15.960446808423285,72.9958150988167,15.180162612863892,59.16352297812828,6.4590069670630035,5.969815122287935,44.12316033337499,1.4042478497454802,18.22349158538701,1.388097067644945,16.47727272727273,17.543859649122812,24.585491379010065,25.368312711195614,82.45614035087719,0.3049081454779756,0.1374863201678732,0.8245614035087719,1,0.2815336498915092
28180,7629,96.1796777778246,2167.9033083720424,6766,3.502113019310924,935.0,60.0,20.0,40.0,1.0,0.0,1.0,0.0,1.0,3.0,Villarejo de Salvanés,0.012607114664808572,0.2841661172331947,0.8868790142875869,0.06417112299465241,0.0213903743315508,0.0427807486631016,Madrid,1.4653667786559303,6.054110164835955,5.0865290585756835,25.514835988604307,6.585475422946482,57.02059428280026,1.2169714346478466,1.119340335428988,43.60406432945293,0.8776549060909251,60.03032522245131,0.9914979054606748,62.03208556149732,17.543859649122812,7.801544200991893,58.094185703493324,82.45614035087719,0.09507496036480184,0.31484773569498975,0.8245614035087719,1,0.26692135357778346
28181,28152,1736.894379410826,13062.332328308452,25581,4.732671568474277,30000.0,1696.0,432.0,1040.0,1.0,1.0,1.0,1.0,3.0,7.0,Villaviciosa de Odón,0.06169701546642605,0.46399304945682196,0.9086743393009378,0.05653333333333333,0.0144,0.034666666666666665,Madrid,27.049484805654554,47.13988308925404,31.13836681323019,100.0,25.162045150493423,71.70949907188528,39.373686373201956,31.64002014812606,38.41421169504071,18.95734597156398,40.41241493975423,25.77894554197755,50.26666666666667,40.935672514619895,41.24728180948795,64.84182535715313,59.064327485380105,0.5132141249137498,0.3514173001103279,0.5906432748538011,1,0.4481484687462151
28903,50187,8869.089569818332,20829.550177103454,46675,6.055852789597611,51300.0,3861.0,2349.0,3348.0,2.0,2.0,2.0,1.0,2.0,9.0,Tres Cantos,0.1767208553971812,0.4150387585849613,0.9300217187717935,0.07526315789473684,0.045789473684210526,0.06526315789473684,Madrid,100.0,100.0,49.71210746834578,86.33829836976696,45.988734591517876,86.096512082785,67.33646043792594,72.02955058485537,51.1410650979781,100.0,100.0,82.98837468705848,94.63157894736842,52.63157894736844,67.39608551137691,180.1581138634521,47.36842105263156,0.8401269011200913,0.9763864237032795,0.4736842105263156,-1,0.8647994172231483
